axis,level,eval_kind,predictor,mean_pair_pehe_mean,mean_pair_pehe_std,ate_bias_abs_mean,ate_bias_abs_std,counterfactual_rmst_mae_mean,counterfactual_rmst_mae_std,regret_mean,regret_std,hit_rate_mean,hit_rate_std,c_index_mean,c_index_std,brier_mean,brier_std,n_reps
gamma,0.0,bestCI,dynasurv,1.2721865575106486,0.15134137774006615,0.34282419662136193,0.14901746082671982,1.414530815335551,0.020858512769511457,0.41120083832009185,0.028879429682426957,0.5651124625929144,0.04740685090896153,0.6653610644638491,0.008274817144756358,0.16105589277758348,0.005743692256796661,3
gamma,0.0,bestCI,naive_km,1.2189251044441731,0.02971007355032017,0.18418077424862433,0.042635008443813904,1.843511832885908,0.04487246236191238,0.6971296487104125,0.14089517904001514,0.3036007336615503,0.1788239254237509,0.522500169496066,0.0031011686197571736,0.17428731536678813,0.0012381625628390494,3
gamma,0.0,bestCI,oracle,3.6098061765629327e-06,4.495450488477014e-08,1.0811549002049193e-06,2.217854223035006e-08,1.06431796430376e-05,1.1109826483369964e-07,0.0,0.0,1.0,0.0,0.720167643940418,0.006598453776050959,0.13483007752631285,0.0021408813344590783,3
gamma,0.25,bestCI,dynasurv,1.444536425937372,0.28078501387228855,0.6985685147083247,0.4015547760261243,1.4333928960289501,0.07725176834007838,0.4518852756224718,0.019593460514843362,0.5639540496186891,0.019947616904523426,0.6671424849531062,0.008197398607533121,0.16085198787014157,0.0025854299077362084,3
gamma,0.25,bestCI,naive_km,1.2702278620519092,0.03259508253684105,0.31998217714666877,0.084844107614531,1.8892823945461672,0.04605041690226452,0.5212886395243727,0.027959880509173984,0.5363452070663192,0.025794205101830846,0.5384935694750668,0.014410230460086493,0.17349665442395254,0.0009988179460173492,3
gamma,0.25,bestCI,oracle,3.656370292093604e-06,1.1934163172318214e-07,1.0902934693301238e-06,1.4356088897538195e-08,1.0802530862036568e-05,9.530064615425261e-08,0.0,0.0,1.0,0.0,0.7214660754962159,0.006241202230532219,0.13396086112576402,0.0002694643236068081,3
gamma,0.5,bestCI,dynasurv,1.6063470195203209,0.19314117420870514,0.8497624224344918,0.2318299758599827,1.4864862188731944,0.07805297769492309,0.38867224848346105,0.04380630489753675,0.5900183415387587,0.04194484185254752,0.6691528405455913,0.010351357529073612,0.1597126014666083,0.009501693891709394,3
gamma,0.5,bestCI,naive_km,1.3805220899786432,0.03975480750803172,0.5507378341463119,0.04325074162042864,1.9592024041359624,0.028357565688498416,0.5110080690650941,0.0028371791490484385,0.5516941789748045,0.0010032150637525818,0.548874365604907,0.013630353178597494,0.17227900978127184,0.00092176040557389,3
gamma,0.5,bestCI,oracle,3.712282252298531e-06,4.371175051185148e-08,1.109091171875547e-06,2.2917477950886945e-08,1.0957155049334678e-05,9.037727540652705e-08,0.0,0.0,1.0,0.0,0.7219677011495209,0.0060597650257288565,0.13358878727847437,0.000269028527336338,3
gamma,1.0,bestCI,dynasurv,1.7612953936248086,0.42345196334926544,0.8734867133914962,0.3280798598598046,1.5217182358474342,0.07232810679095136,0.3355951369013717,0.04049339176698107,0.6421469253788975,0.03569333052831622,0.6801515098529934,0.007533386382802345,0.15705925584945765,0.0046655003075542585,3
gamma,1.0,bestCI,naive_km,1.7049556705026367,0.064534610030153,1.0281812548775717,0.08800886312279775,2.124725419144204,0.05405183567618137,0.5156057732992122,0.011153165840307452,0.5561347620426682,0.006035524290893202,0.5708071750074952,0.01909993186704015,0.17133769228615017,0.0012372831661593528,3
gamma,1.0,bestCI,oracle,3.7734422706022743e-06,1.0404743928375077e-07,1.1234914654841687e-06,1.4589118470372633e-08,1.1191799787092389e-05,1.10448859188735e-07,0.0,0.0,1.0,0.0,0.7231878319634917,0.006311463783759982,0.1332351495521926,0.0013878335843407292,3
gamma,1.5,bestCI,dynasurv,2.324617302603015,1.0996064923687325,1.4859907382219806,1.0338680583662756,1.875871616085007,0.43048928177294865,0.3979457717621461,0.05309090017290537,0.6183994594072787,0.020210765572909507,0.6767884047095952,0.009290369187252952,0.171804541775584,0.008611063662990085,3
gamma,1.5,bestCI,naive_km,1.9756787487772314,0.11607115723497975,1.3508405886179389,0.13239771308229828,2.272360824629907,0.016996266792659056,0.5189068301686948,0.011696281940003524,0.5587411912346751,0.006855302935642847,0.5850106027683849,0.01711405959542884,0.16934544632856885,0.000698919220399625,3
gamma,1.5,bestCI,oracle,3.7971207777782623e-06,7.594965861633018e-08,1.1337567506204231e-06,1.760759831523118e-08,1.129291698257061e-05,1.1476694021085493e-07,0.0,0.0,1.0,0.0,0.7223914791713065,0.004407420640802036,0.13354938943326033,0.0004823395012544631,3
heterogeneity,0.0,bestCI,dynasurv,2.0819120644000275,0.7535438814887783,1.2777906189361345,0.33638488620549567,1.6657859155197015,0.3251232277214569,0.032818837307387765,0.024691209061429884,0.9544357563471378,0.02939199474459882,0.6675540652603024,0.01482011947106222,0.16389262015904485,0.011536643629554153,3
heterogeneity,0.0,bestCI,naive_km,1.1926643951401024,0.13351146912460707,1.1103836873627526,0.11527795088319837,2.0408780376523463,0.07658074373079363,0.014835600754844665,0.02569601426819815,0.9577179264407761,0.07323469965394036,0.581679758772133,0.016475013113017686,0.1684597631170164,0.0022938447495848033,3
heterogeneity,0.0,bestCI,oracle,1.3216591296319582e-06,5.559146630383362e-08,2.6312768199652765e-07,1.8555530535897887e-08,1.06019779313383e-05,1.0377517366864635e-07,0.0,0.0,1.0,0.0,0.7121005512369519,0.005351176858914273,0.13588569514503254,0.001320571918743301,3
heterogeneity,0.5,bestCI,dynasurv,1.4608245481343072,0.28781818583192414,0.9442004698358674,0.44897525692052825,1.5156714101888464,0.14875945955454448,0.15232371263203445,0.07813822627038548,0.6697557679312675,0.119759374542909,0.6698513595784696,0.011638383932043202,0.16050912339648749,0.00841246880063621,3
heterogeneity,0.5,bestCI,naive_km,1.2999273804617155,0.09658069493133108,1.04985404492578,0.10297400178475638,2.056805178838624,0.06439817150854264,0.12501722067708437,0.006557541210715409,0.7177333719470992,0.011127449562626537,0.574499696948309,0.019450749705259424,0.16951639704468038,0.0020536671049175277,3
heterogeneity,0.5,bestCI,oracle,2.0003685265139833e-06,6.196307975859285e-08,6.652023465725305e-07,1.3043099859711977e-08,1.0832624940425168e-05,1.0693625457120394e-07,0.0,0.0,1.0,0.0,0.7162549506771523,0.0073442878251006125,0.1349775028017883,0.0016496363150100527,3
heterogeneity,2.0,bestCI,dynasurv,2.64302292545445,0.5258750866274158,1.3500286860306734,0.4880630580273105,1.7638875848209483,0.1505641394965032,0.5213581621121738,0.06529816301642302,0.6224539048170673,0.00788515411011175,0.6960033561866611,0.003907170656005123,0.15474951981431226,0.007041500671644384,3
heterogeneity,2.0,bestCI,naive_km,2.7728947391773127,0.03282760934998469,1.1366717495997964,0.09338830512663787,2.363798708453031,0.033159762713521244,1.3480199865950049,0.023100972534035175,0.42977121343759056,0.005517682850639356,0.5620687826011709,0.015286627626937423,0.17399293050253326,0.002192832575528258,3
heterogeneity,2.0,bestCI,oracle,7.904129026848985e-06,1.775790723234084e-07,2.08792186725659e-06,4.80646878935955e-08,1.2184455857851329e-05,1.0486396021411515e-07,0.0,0.0,1.0,0.0,0.7440886095584687,0.0029945164874722275,0.12736075487544546,0.0012517025074539226,3
strength,0.5,bestCI,dynasurv,2.2460399377879443,0.3203919322744254,1.4870434335931293,0.24074762253673493,1.6857889164189201,0.13070920411890805,0.43603281615593065,0.03569123871087299,0.5894391350516459,0.016373044930481116,0.6806187695775154,0.007262962531671726,0.15772107019317952,0.0016832490619071061,3
strength,0.5,bestCI,naive_km,1.9564235337795004,0.07233072777952165,1.3720238145007146,0.09888704767201704,2.287372480427209,0.04877347898021438,0.5148418045977291,0.011780733134532975,0.5587411912346751,0.006855302935642847,0.5871486113122412,0.01622041496367119,0.1688586159050097,0.0007656550471376898,3
strength,0.5,bestCI,oracle,3.764430389762456e-06,7.98859151038307e-08,1.1196338405012222e-06,1.7829529146942852e-08,1.10894907162364e-05,1.3080518825938103e-07,0.0,0.0,1.0,0.0,0.7212377488774194,0.005800939052795184,0.1338449820405955,0.0008928277589460276,3
strength,1.0,bestCI,dynasurv,2.6992583239652714,0.1514605549630575,2.1387278274177173,0.1563238362488008,1.9944628583446609,0.10381474722546788,0.48378805237051153,0.014399242070188075,0.5715802683656723,0.006713133951429248,0.6821224863747265,0.00828622469502543,0.16031994277283282,0.006529489622881578,3
strength,1.0,bestCI,naive_km,2.1699897096895406,0.12814847292869766,1.636915052005987,0.1364123863874192,2.425109020758627,0.06478242974120015,0.5153125868417082,0.01143531398602326,0.5587411912346751,0.006855302935642847,0.5956053573194895,0.015098102021890741,0.16663112631823143,0.0008336719771347353,3
strength,1.0,bestCI,oracle,3.7759652195048004e-06,8.475056783818084e-08,1.1162527455595343e-06,1.7536001372438454e-08,1.1005234542847316e-05,1.0582882165140455e-07,0.0,0.0,1.0,0.0,0.7207360861093015,0.00493242150939968,0.13383630377445951,0.00038922748508775904,3
