split,evaluation_protocol,eval_kind,seed,rep,level,axis,predictor,line,n,tau,tau_used,c_index,brier
legacy_reused_holdout,1,bestCI,0,0,0.0,gamma,dynasurv,1,1977,24.0,24.0,0.6692073727306848,0.1747220930253549
legacy_reused_holdout,1,bestCI,0,0,0.0,gamma,oracle,1,1977,24.0,24.0,0.7263638830888689,0.1391011892900322
legacy_reused_holdout,1,bestCI,0,0,0.0,gamma,naive_km,1,1977,24.0,24.0,0.5169660750882984,0.1766492451591365
legacy_reused_holdout,1,bestCI,0,0,0.0,gamma,dynasurv,2,840,18.0,18.0,0.6362612842237617,0.1695555666477721
legacy_reused_holdout,1,bestCI,0,0,0.0,gamma,oracle,2,840,18.0,18.0,0.7026797365797413,0.136798046970454
legacy_reused_holdout,1,bestCI,0,0,0.0,gamma,naive_km,2,840,18.0,18.0,0.5233731379059511,0.1805305314775495
legacy_reused_holdout,1,bestCI,0,0,0.0,gamma,dynasurv,3,438,12.0,12.0,0.6397240441417863,0.1533598962134139
legacy_reused_holdout,1,bestCI,0,0,0.0,gamma,oracle,3,438,12.0,12.0,0.6840726905585504,0.1418592228670381
legacy_reused_holdout,1,bestCI,0,0,0.0,gamma,naive_km,3,438,12.0,12.0,0.5274325118667772,0.1720812715276394
legacy_reused_holdout,1,bestCI,0,0,0.0,gamma,dynasurv,4,198,12.0,12.0,0.6722680580281887,0.1203353154159135
legacy_reused_holdout,1,bestCI,0,0,0.0,gamma,oracle,4,198,12.0,12.0,0.7362010886322021,0.1070477586241151
legacy_reused_holdout,1,bestCI,0,0,0.0,gamma,naive_km,4,198,12.0,12.0,0.503638334751373,0.1520328516284735
legacy_reused_holdout,1,bestCI,1,1,0.0,gamma,dynasurv,1,1977,24.0,24.0,0.6733316303110453,0.1570899459872372
legacy_reused_holdout,1,bestCI,1,1,0.0,gamma,oracle,1,1977,24.0,24.0,0.7315136202647279,0.1348569677887401
legacy_reused_holdout,1,bestCI,1,1,0.0,gamma,naive_km,1,1977,24.0,24.0,0.5379737668933375,0.170938599389976
legacy_reused_holdout,1,bestCI,1,1,0.0,gamma,dynasurv,2,840,18.0,18.0,0.6453218769337192,0.1718624269928113
legacy_reused_holdout,1,bestCI,1,1,0.0,gamma,oracle,2,840,18.0,18.0,0.6956336617448275,0.1334519836603055
legacy_reused_holdout,1,bestCI,1,1,0.0,gamma,naive_km,2,840,18.0,18.0,0.5077213202528938,0.1773994983728343
legacy_reused_holdout,1,bestCI,1,1,0.0,gamma,dynasurv,3,438,12.0,12.0,0.6678608451698723,0.1515691046829992
legacy_reused_holdout,1,bestCI,1,1,0.0,gamma,oracle,3,438,12.0,12.0,0.6916226032165231,0.1402823287627
legacy_reused_holdout,1,bestCI,1,1,0.0,gamma,naive_km,3,438,12.0,12.0,0.4849528891739273,0.1794054817346287
legacy_reused_holdout,1,bestCI,1,1,0.0,gamma,dynasurv,4,198,12.0,12.0,0.6479205488479156,0.1308352807895416
legacy_reused_holdout,1,bestCI,1,1,0.0,gamma,oracle,4,198,12.0,12.0,0.7178664570093523,0.1253078365499382
legacy_reused_holdout,1,bestCI,1,1,0.0,gamma,naive_km,4,198,12.0,12.0,0.5270969273331336,0.1632617563811918
legacy_reused_holdout,1,bestCI,2,2,0.0,gamma,dynasurv,1,1977,24.0,24.0,0.6770209183102438,0.1605950582795485
legacy_reused_holdout,1,bestCI,2,2,0.0,gamma,oracle,1,1977,24.0,24.0,0.7258337963411498,0.1396170019196513
legacy_reused_holdout,1,bestCI,2,2,0.0,gamma,naive_km,1,1977,24.0,24.0,0.5251439548386685,0.1791866117753095
legacy_reused_holdout,1,bestCI,2,2,0.0,gamma,dynasurv,2,840,18.0,18.0,0.6792963893226661,0.1538189681758756
legacy_reused_holdout,1,bestCI,2,2,0.0,gamma,oracle,2,840,18.0,18.0,0.7369743810978535,0.1207307564520769
legacy_reused_holdout,1,bestCI,2,2,0.0,gamma,naive_km,2,840,18.0,18.0,0.5320153791753047,0.1653712375730421
legacy_reused_holdout,1,bestCI,2,2,0.0,gamma,dynasurv,3,438,12.0,12.0,0.6526992935639457,0.1563534024851088
legacy_reused_holdout,1,bestCI,2,2,0.0,gamma,oracle,3,438,12.0,12.0,0.7299205598646163,0.1294884668325551
legacy_reused_holdout,1,bestCI,2,2,0.0,gamma,naive_km,3,438,12.0,12.0,0.5089740234862297,0.1749311793966998
legacy_reused_holdout,1,bestCI,2,2,0.0,gamma,dynasurv,4,198,12.0,12.0,0.6700235535548181,0.1369527438424901
legacy_reused_holdout,1,bestCI,2,2,0.0,gamma,oracle,4,198,12.0,12.0,0.7030935931122679,0.1229417508821296
legacy_reused_holdout,1,bestCI,2,2,0.0,gamma,naive_km,4,198,12.0,12.0,0.5318197792918771,0.1587714555805879
legacy_reused_holdout,1,bestCI,0,0,0.25,gamma,dynasurv,1,1977,24.0,24.0,0.6693063996261341,0.1745277831333719
legacy_reused_holdout,1,bestCI,0,0,0.25,gamma,oracle,1,1977,24.0,24.0,0.7307410501128292,0.1353810399732287
legacy_reused_holdout,1,bestCI,0,0,0.25,gamma,naive_km,1,1977,24.0,24.0,0.5132489143214497,0.1738329863288895
legacy_reused_holdout,1,bestCI,0,0,0.25,gamma,dynasurv,2,840,18.0,18.0,0.6451119248647658,0.1533753509116565
legacy_reused_holdout,1,bestCI,0,0,0.25,gamma,oracle,2,840,18.0,18.0,0.7035046069557688,0.1347581174079509
legacy_reused_holdout,1,bestCI,0,0,0.25,gamma,naive_km,2,840,18.0,18.0,0.5429444896931624,0.1784703961138965
legacy_reused_holdout,1,bestCI,0,0,0.25,gamma,dynasurv,3,438,12.0,12.0,0.6368791857036373,0.1548553606594168
legacy_reused_holdout,1,bestCI,0,0,0.25,gamma,oracle,3,438,12.0,12.0,0.6855940081046792,0.1405951687999802
legacy_reused_holdout,1,bestCI,0,0,0.25,gamma,naive_km,3,438,12.0,12.0,0.5491287370152224,0.1718160914175075
legacy_reused_holdout,1,bestCI,0,0,0.25,gamma,dynasurv,4,198,12.0,12.0,0.6419422287991354,0.1143584903536769
legacy_reused_holdout,1,bestCI,0,0,0.25,gamma,oracle,4,198,12.0,12.0,0.7422299834559763,0.1032379490393046
legacy_reused_holdout,1,bestCI,0,0,0.25,gamma,naive_km,4,198,12.0,12.0,0.4750891354653812,0.1510801754250761
legacy_reused_holdout,1,bestCI,1,1,0.25,gamma,dynasurv,1,1977,24.0,24.0,0.6883271827132504,0.1584132823514527
legacy_reused_holdout,1,bestCI,1,1,0.25,gamma,oracle,1,1977,24.0,24.0,0.7322660620769691,0.134249897194252
legacy_reused_holdout,1,bestCI,1,1,0.25,gamma,naive_km,1,1977,24.0,24.0,0.5521093409786552,0.170041117466279
legacy_reused_holdout,1,bestCI,1,1,0.25,gamma,dynasurv,2,840,18.0,18.0,0.6485160922097543,0.1668474604292346
legacy_reused_holdout,1,bestCI,1,1,0.25,gamma,oracle,2,840,18.0,18.0,0.6961907921850402,0.1317449719432682
legacy_reused_holdout,1,bestCI,1,1,0.25,gamma,naive_km,2,840,18.0,18.0,0.521607666021825,0.1777767438956848
legacy_reused_holdout,1,bestCI,1,1,0.25,gamma,dynasurv,3,438,12.0,12.0,0.6547630800135349,0.1562102516459871
legacy_reused_holdout,1,bestCI,1,1,0.25,gamma,oracle,3,438,12.0,12.0,0.6859630849015563,0.1438320376731925
legacy_reused_holdout,1,bestCI,1,1,0.25,gamma,naive_km,3,438,12.0,12.0,0.5352568456726313,0.1789865692964506
legacy_reused_holdout,1,bestCI,1,1,0.25,gamma,dynasurv,4,198,12.0,12.0,0.6602769070315375,0.124931106434982
legacy_reused_holdout,1,bestCI,1,1,0.25,gamma,oracle,4,198,12.0,12.0,0.7179556336168382,0.1223938904728926
legacy_reused_holdout,1,bestCI,1,1,0.25,gamma,naive_km,4,198,12.0,12.0,0.5328195789448976,0.1611766628662038
legacy_reused_holdout,1,bestCI,2,2,0.25,gamma,dynasurv,1,1977,24.0,24.0,0.6625257585006199,0.1742987709324801
legacy_reused_holdout,1,bestCI,2,2,0.25,gamma,oracle,1,1977,24.0,24.0,0.7274787959521816,0.1402967131909714
legacy_reused_holdout,1,bestCI,2,2,0.25,gamma,naive_km,1,1977,24.0,24.0,0.5564466174464479,0.1795012816133181
legacy_reused_holdout,1,bestCI,2,2,0.25,gamma,dynasurv,2,840,18.0,18.0,0.6913462355040703,0.1405348207490104
legacy_reused_holdout,1,bestCI,2,2,0.25,gamma,oracle,2,840,18.0,18.0,0.7358926159150382,0.1228585710079722
legacy_reused_holdout,1,bestCI,2,2,0.25,gamma,naive_km,2,840,18.0,18.0,0.5605599605368619,0.1672552728461615
legacy_reused_holdout,1,bestCI,2,2,0.25,gamma,dynasurv,3,438,12.0,12.0,0.6781054425940178,0.1507225193719968
legacy_reused_holdout,1,bestCI,2,2,0.25,gamma,oracle,3,438,12.0,12.0,0.7275498748307098,0.1316570822029089
legacy_reused_holdout,1,bestCI,2,2,0.25,gamma,naive_km,3,438,12.0,12.0,0.5434547106493888,0.1745109392600127
legacy_reused_holdout,1,bestCI,2,2,0.25,gamma,dynasurv,4,198,12.0,12.0,0.6520541792310505,0.1352203684616784
legacy_reused_holdout,1,bestCI,2,2,0.25,gamma,oracle,4,198,12.0,12.0,0.7103883784277514,0.1176251428175272
legacy_reused_holdout,1,bestCI,2,2,0.25,gamma,naive_km,4,198,12.0,12.0,0.4762247534635389,0.1559720639194416
legacy_reused_holdout,1,bestCI,0,0,0.5,gamma,dynasurv,1,1977,24.0,24.0,0.6676539522321282,0.1749831570383253
legacy_reused_holdout,1,bestCI,0,0,0.5,gamma,oracle,1,1977,24.0,24.0,0.7294981792125483,0.134800587174321
legacy_reused_holdout,1,bestCI,0,0,0.5,gamma,naive_km,1,1977,24.0,24.0,0.5187189709649441,0.1724458111145673
legacy_reused_holdout,1,bestCI,0,0,0.5,gamma,dynasurv,2,840,18.0,18.0,0.6345466477578987,0.1816279558138301
legacy_reused_holdout,1,bestCI,0,0,0.5,gamma,oracle,2,840,18.0,18.0,0.7021120316176176,0.1374712301949778
legacy_reused_holdout,1,bestCI,0,0,0.5,gamma,naive_km,2,840,18.0,18.0,0.5630544795399239,0.1766076249909737
legacy_reused_holdout,1,bestCI,0,0,0.5,gamma,dynasurv,3,438,12.0,12.0,0.6554042174309446,0.148576913222283
legacy_reused_holdout,1,bestCI,0,0,0.5,gamma,oracle,3,438,12.0,12.0,0.6914536325879619,0.1360746308480536
legacy_reused_holdout,1,bestCI,0,0,0.5,gamma,naive_km,3,438,12.0,12.0,0.5608679670072844,0.1685754314097812
legacy_reused_holdout,1,bestCI,0,0,0.5,gamma,dynasurv,4,198,12.0,12.0,0.6602280839691715,0.1233525812236858
legacy_reused_holdout,1,bestCI,0,0,0.5,gamma,oracle,4,198,12.0,12.0,0.7516064431255768,0.1045347251677607
legacy_reused_holdout,1,bestCI,0,0,0.5,gamma,naive_km,4,198,12.0,12.0,0.5179118590208165,0.1513382582435384
legacy_reused_holdout,1,bestCI,1,1,0.5,gamma,dynasurv,1,1977,24.0,24.0,0.6881379536096309,0.1562524667480612
legacy_reused_holdout,1,bestCI,1,1,0.5,gamma,oracle,1,1977,24.0,24.0,0.732356762032989,0.13469615993833
legacy_reused_holdout,1,bestCI,1,1,0.5,gamma,naive_km,1,1977,24.0,24.0,0.5577053376722515,0.169872727685413
legacy_reused_holdout,1,bestCI,1,1,0.5,gamma,dynasurv,2,840,18.0,18.0,0.6537543257598039,0.1605201970421005
legacy_reused_holdout,1,bestCI,1,1,0.5,gamma,oracle,2,840,18.0,18.0,0.696787912799208,0.1291769157689198
legacy_reused_holdout,1,bestCI,1,1,0.5,gamma,naive_km,2,840,18.0,18.0,0.5409448280083696,0.1750869343173186
legacy_reused_holdout,1,bestCI,1,1,0.5,gamma,dynasurv,3,438,12.0,12.0,0.645913811946318,0.1596627735708062
legacy_reused_holdout,1,bestCI,1,1,0.5,gamma,oracle,3,438,12.0,12.0,0.6935523986943709,0.1427834078927898
legacy_reused_holdout,1,bestCI,1,1,0.5,gamma,naive_km,3,438,12.0,12.0,0.5486903335137366,0.1784102864788053
legacy_reused_holdout,1,bestCI,1,1,0.5,gamma,dynasurv,4,198,12.0,12.0,0.649434084931707,0.1427639684869527
legacy_reused_holdout,1,bestCI,1,1,0.5,gamma,oracle,4,198,12.0,12.0,0.7138108556074004,0.1201749912291205
legacy_reused_holdout,1,bestCI,1,1,0.5,gamma,naive_km,4,198,12.0,12.0,0.5109002917446579,0.1613734140264457
legacy_reused_holdout,1,bestCI,2,2,0.5,gamma,dynasurv,1,1977,24.0,24.0,0.6718876073518368,0.1611171226147565
legacy_reused_holdout,1,bestCI,2,2,0.5,gamma,oracle,1,1977,24.0,24.0,0.7282937927678026,0.1386317849957843
legacy_reused_holdout,1,bestCI,2,2,0.5,gamma,naive_km,1,1977,24.0,24.0,0.565395556888139,0.1780511759652771
legacy_reused_holdout,1,bestCI,2,2,0.5,gamma,dynasurv,2,840,18.0,18.0,0.701863612470521,0.1314415427987581
legacy_reused_holdout,1,bestCI,2,2,0.5,gamma,oracle,2,840,18.0,18.0,0.7392805697751854,0.1210947298804086
legacy_reused_holdout,1,bestCI,2,2,0.5,gamma,naive_km,2,840,18.0,18.0,0.5717102587320841,0.1644733814586295
legacy_reused_holdout,1,bestCI,2,2,0.5,gamma,dynasurv,3,438,12.0,12.0,0.6649440381142122,0.1581385397674747
legacy_reused_holdout,1,bestCI,2,2,0.5,gamma,oracle,3,438,12.0,12.0,0.7200650858431809,0.1398700338917811
legacy_reused_holdout,1,bestCI,2,2,0.5,gamma,naive_km,3,438,12.0,12.0,0.5671586109968071,0.1752663083358225
legacy_reused_holdout,1,bestCI,2,2,0.5,gamma,dynasurv,4,198,12.0,12.0,0.6603925777489592,0.1328352249058757
legacy_reused_holdout,1,bestCI,2,2,0.5,gamma,oracle,4,198,12.0,12.0,0.710575569152122,0.1180641619719708
legacy_reused_holdout,1,bestCI,2,2,0.5,gamma,naive_km,4,198,12.0,12.0,0.4758021736654264,0.1597119565319132
legacy_reused_holdout,1,bestCI,0,0,1.0,gamma,dynasurv,1,1977,24.0,24.0,0.6787813340982576,0.1752273513910751
legacy_reused_holdout,1,bestCI,0,0,1.0,gamma,oracle,1,1977,24.0,24.0,0.730069207732678,0.135782181263413
legacy_reused_holdout,1,bestCI,0,0,1.0,gamma,naive_km,1,1977,24.0,24.0,0.5390357962756135,0.1729079109007057
legacy_reused_holdout,1,bestCI,0,0,1.0,gamma,dynasurv,2,840,18.0,18.0,0.6523643982596449,0.1545271615870263
legacy_reused_holdout,1,bestCI,0,0,1.0,gamma,oracle,2,840,18.0,18.0,0.702973408326167,0.1382312019868167
legacy_reused_holdout,1,bestCI,0,0,1.0,gamma,naive_km,2,840,18.0,18.0,0.5820377870261667,0.1796535814285692
legacy_reused_holdout,1,bestCI,0,0,1.0,gamma,dynasurv,3,438,12.0,12.0,0.6770351853611846,0.142830927208547
legacy_reused_holdout,1,bestCI,0,0,1.0,gamma,oracle,3,438,12.0,12.0,0.7024333526743197,0.1348521988249736
legacy_reused_holdout,1,bestCI,0,0,1.0,gamma,naive_km,3,438,12.0,12.0,0.565934289932631,0.1688612580782916
legacy_reused_holdout,1,bestCI,0,0,1.0,gamma,dynasurv,4,198,12.0,12.0,0.6865846894649771,0.1113145452986057
legacy_reused_holdout,1,bestCI,0,0,1.0,gamma,oracle,4,198,12.0,12.0,0.746940878316023,0.1056522618210571
legacy_reused_holdout,1,bestCI,0,0,1.0,gamma,naive_km,4,198,12.0,12.0,0.5428258768696138,0.1507685553795047
legacy_reused_holdout,1,bestCI,1,1,1.0,gamma,dynasurv,1,1977,24.0,24.0,0.6876844281353379,0.1643340015336485
legacy_reused_holdout,1,bestCI,1,1,1.0,gamma,oracle,1,1977,24.0,24.0,0.7303096201480814,0.1365598321029129
legacy_reused_holdout,1,bestCI,1,1,1.0,gamma,naive_km,1,1977,24.0,24.0,0.5671967772934626,0.1707205750152604
legacy_reused_holdout,1,bestCI,1,1,1.0,gamma,dynasurv,2,840,18.0,18.0,0.6765658268066275,0.1368194773569936
legacy_reused_holdout,1,bestCI,1,1,1.0,gamma,oracle,2,840,18.0,18.0,0.7052611091022118,0.1243957021105089
legacy_reused_holdout,1,bestCI,1,1,1.0,gamma,naive_km,2,840,18.0,18.0,0.580147925438807,0.1706593383990677
legacy_reused_holdout,1,bestCI,1,1,1.0,gamma,dynasurv,3,438,12.0,12.0,0.6631512739147291,0.1537011067502678
legacy_reused_holdout,1,bestCI,1,1,1.0,gamma,oracle,3,438,12.0,12.0,0.6861411700168426,0.1445177541095288
legacy_reused_holdout,1,bestCI,1,1,1.0,gamma,naive_km,3,438,12.0,12.0,0.5709991815708196,0.1755995380392346
legacy_reused_holdout,1,bestCI,1,1,1.0,gamma,dynasurv,4,198,12.0,12.0,0.6590618390473622,0.1225571119427365
legacy_reused_holdout,1,bestCI,1,1,1.0,gamma,oracle,4,198,12.0,12.0,0.7249858334270983,0.1154825869912746
legacy_reused_holdout,1,bestCI,1,1,1.0,gamma,naive_km,4,198,12.0,12.0,0.5218781974600029,0.1589222434644668
legacy_reused_holdout,1,bestCI,2,2,1.0,gamma,dynasurv,1,1977,24.0,24.0,0.690356128973294,0.1640915245237553
legacy_reused_holdout,1,bestCI,2,2,1.0,gamma,oracle,1,1977,24.0,24.0,0.7304918315901642,0.1368206673355218
legacy_reused_holdout,1,bestCI,2,2,1.0,gamma,naive_km,1,1977,24.0,24.0,0.585045197751953,0.1755244969950235
legacy_reused_holdout,1,bestCI,2,2,1.0,gamma,dynasurv,2,840,18.0,18.0,0.6970953667439329,0.1395566855584398
legacy_reused_holdout,1,bestCI,2,2,1.0,gamma,oracle,2,840,18.0,18.0,0.7339964123873571,0.122235509794796
legacy_reused_holdout,1,bestCI,2,2,1.0,gamma,naive_km,2,840,18.0,18.0,0.6182311036337451,0.1603406410183827
legacy_reused_holdout,1,bestCI,2,2,1.0,gamma,dynasurv,3,438,12.0,12.0,0.6594362531144246,0.1565122748218282
legacy_reused_holdout,1,bestCI,2,2,1.0,gamma,oracle,3,438,12.0,12.0,0.7257673101568185,0.1379993574106743
legacy_reused_holdout,1,bestCI,2,2,1.0,gamma,naive_km,3,438,12.0,12.0,0.5974655779676927,0.1722532878514477
legacy_reused_holdout,1,bestCI,2,2,1.0,gamma,dynasurv,4,198,12.0,12.0,0.6829209790815848,0.1240217407430069
legacy_reused_holdout,1,bestCI,2,2,1.0,gamma,oracle,4,198,12.0,12.0,0.7230013372627343,0.1080374181727222
legacy_reused_holdout,1,bestCI,2,2,1.0,gamma,naive_km,4,198,12.0,12.0,0.5217528085475743,0.1612786319041912
legacy_reused_holdout,1,bestCI,0,0,1.5,gamma,dynasurv,1,1977,24.0,24.0,0.6647537909658714,0.1931478209411211
legacy_reused_holdout,1,bestCI,0,0,1.5,gamma,oracle,1,1977,24.0,24.0,0.7285876060239196,0.1354326191252405
legacy_reused_holdout,1,bestCI,0,0,1.5,gamma,naive_km,1,1977,24.0,24.0,0.554818616439084,0.1719308339842363
legacy_reused_holdout,1,bestCI,0,0,1.5,gamma,dynasurv,2,840,18.0,18.0,0.6584232528546403,0.1832544095786815
legacy_reused_holdout,1,bestCI,0,0,1.5,gamma,oracle,2,840,18.0,18.0,0.7069584095954914,0.1380407259852366
legacy_reused_holdout,1,bestCI,0,0,1.5,gamma,naive_km,2,840,18.0,18.0,0.6144627015980363,0.1684924681547431
legacy_reused_holdout,1,bestCI,0,0,1.5,gamma,dynasurv,3,438,12.0,12.0,0.6815989846557694,0.1444032691381533
legacy_reused_holdout,1,bestCI,0,0,1.5,gamma,oracle,3,438,12.0,12.0,0.7053673640394135,0.1336206611733904
legacy_reused_holdout,1,bestCI,0,0,1.5,gamma,naive_km,3,438,12.0,12.0,0.5917034489961481,0.1629008885100074
legacy_reused_holdout,1,bestCI,0,0,1.5,gamma,dynasurv,4,198,12.0,12.0,0.6783318652540334,0.1207812520394737
legacy_reused_holdout,1,bestCI,0,0,1.5,gamma,oracle,4,198,12.0,12.0,0.7490406337335395,0.1016756374299008
legacy_reused_holdout,1,bestCI,0,0,1.5,gamma,naive_km,4,198,12.0,12.0,0.5813909493247738,0.1479914329532248
legacy_reused_holdout,1,bestCI,1,1,1.5,gamma,dynasurv,1,1977,24.0,24.0,0.6922031448557774,0.1738609041214011
legacy_reused_holdout,1,bestCI,1,1,1.5,gamma,oracle,1,1977,24.0,24.0,0.7306043683943195,0.1362195472750746
legacy_reused_holdout,1,bestCI,1,1,1.5,gamma,naive_km,1,1977,24.0,24.0,0.5659243839589039,0.1714609255750913
legacy_reused_holdout,1,bestCI,1,1,1.5,gamma,dynasurv,2,840,18.0,18.0,0.670783636746255,0.1526855484615635
legacy_reused_holdout,1,bestCI,1,1,1.5,gamma,oracle,2,840,18.0,18.0,0.7096895564508101,0.1224344809859169
legacy_reused_holdout,1,bestCI,1,1,1.5,gamma,naive_km,2,840,18.0,18.0,0.6072208725691847,0.1646819996026351
legacy_reused_holdout,1,bestCI,1,1,1.5,gamma,dynasurv,3,438,12.0,12.0,0.674981682118508,0.1526673522599252
legacy_reused_holdout,1,bestCI,1,1,1.5,gamma,oracle,3,438,12.0,12.0,0.6831319670578746,0.146708641217392
legacy_reused_holdout,1,bestCI,1,1,1.5,gamma,naive_km,3,438,12.0,12.0,0.5818943803383094,0.1752825870779653
legacy_reused_holdout,1,bestCI,1,1,1.5,gamma,dynasurv,4,198,12.0,12.0,0.6635461869162355,0.1244199683271558
legacy_reused_holdout,1,bestCI,1,1,1.5,gamma,oracle,4,198,12.0,12.0,0.712615756786363,0.1153451102744935
legacy_reused_holdout,1,bestCI,1,1,1.5,gamma,naive_km,4,198,12.0,12.0,0.5090426797178444,0.1578911753456896
legacy_reused_holdout,1,bestCI,2,2,1.5,gamma,dynasurv,1,1977,24.0,24.0,0.6791240081259875,0.1871733202872299
legacy_reused_holdout,1,bestCI,2,2,1.5,gamma,oracle,1,1977,24.0,24.0,0.7292219251958592,0.139003540677817
legacy_reused_holdout,1,bestCI,2,2,1.5,gamma,naive_km,1,1977,24.0,24.0,0.5978653714379887,0.1756111337302929
legacy_reused_holdout,1,bestCI,2,2,1.5,gamma,dynasurv,2,840,18.0,18.0,0.6921759862069586,0.1521392203784598
legacy_reused_holdout,1,bestCI,2,2,1.5,gamma,oracle,2,840,18.0,18.0,0.7289468601244172,0.1222052712531685
legacy_reused_holdout,1,bestCI,2,2,1.5,gamma,naive_km,2,840,18.0,18.0,0.6370061709490309,0.1576612566545981
legacy_reused_holdout,1,bestCI,2,2,1.5,gamma,dynasurv,3,438,12.0,12.0,0.6736926553394198,0.1580003917537279
legacy_reused_holdout,1,bestCI,2,2,1.5,gamma,oracle,3,438,12.0,12.0,0.7190671073962824,0.1418842408202608
legacy_reused_holdout,1,bestCI,2,2,1.5,gamma,naive_km,3,438,12.0,12.0,0.6103982057788605,0.1723601597297871
legacy_reused_holdout,1,bestCI,2,2,1.5,gamma,dynasurv,4,198,12.0,12.0,0.669726631859133,0.1325650976364578
legacy_reused_holdout,1,bestCI,2,2,1.5,gamma,oracle,4,198,12.0,12.0,0.7168552213735507,0.1122250028552484
legacy_reused_holdout,1,bestCI,2,2,1.5,gamma,naive_km,4,198,12.0,12.0,0.5244473491426784,0.1600802084123275
legacy_reused_holdout,1,bestCI,0,0,0.0,heterogeneity,dynasurv,1,1977,24.0,24.0,0.6435320680522222,0.1894593731166729
legacy_reused_holdout,1,bestCI,0,0,0.0,heterogeneity,oracle,1,1977,24.0,24.0,0.7113958124847594,0.1390466465871648
legacy_reused_holdout,1,bestCI,0,0,0.0,heterogeneity,naive_km,1,1977,24.0,24.0,0.5598740008231289,0.1680081576442912
legacy_reused_holdout,1,bestCI,0,0,0.0,heterogeneity,dynasurv,2,840,18.0,18.0,0.6507220534298538,0.1793317335930948
legacy_reused_holdout,1,bestCI,0,0,0.0,heterogeneity,oracle,2,840,18.0,18.0,0.6940668303311134,0.1437719594179162
legacy_reused_holdout,1,bestCI,0,0,0.0,heterogeneity,naive_km,2,840,18.0,18.0,0.599800315250235,0.1756833429083319
legacy_reused_holdout,1,bestCI,0,0,0.0,heterogeneity,dynasurv,3,438,12.0,12.0,0.6648775849810656,0.1446741960577137
legacy_reused_holdout,1,bestCI,0,0,0.0,heterogeneity,oracle,3,438,12.0,12.0,0.710773698943716,0.1306606899943209
legacy_reused_holdout,1,bestCI,0,0,0.0,heterogeneity,naive_km,3,438,12.0,12.0,0.5624683604025932,0.1747435370155484
legacy_reused_holdout,1,bestCI,0,0,0.0,heterogeneity,dynasurv,4,198,12.0,12.0,0.689345110775404,0.1079983650471535
legacy_reused_holdout,1,bestCI,0,0,0.0,heterogeneity,oracle,4,198,12.0,12.0,0.7441382136171273,0.1035748130347393
legacy_reused_holdout,1,bestCI,0,0,0.0,heterogeneity,naive_km,4,198,12.0,12.0,0.4927746429095385,0.150390991074665
legacy_reused_holdout,1,bestCI,1,1,0.0,heterogeneity,dynasurv,1,1977,24.0,24.0,0.6724724999303336,0.1590733897238504
legacy_reused_holdout,1,bestCI,1,1,0.0,heterogeneity,oracle,1,1977,24.0,24.0,0.7113993308488047,0.1368247386959483
legacy_reused_holdout,1,bestCI,1,1,0.0,heterogeneity,naive_km,1,1977,24.0,24.0,0.5829569723864942,0.1629229733648719
legacy_reused_holdout,1,bestCI,1,1,0.0,heterogeneity,dynasurv,2,840,18.0,18.0,0.6698297713633959,0.1559058572272827
legacy_reused_holdout,1,bestCI,1,1,0.0,heterogeneity,oracle,2,840,18.0,18.0,0.7003034135240587,0.1326520936406729
legacy_reused_holdout,1,bestCI,1,1,0.0,heterogeneity,naive_km,2,840,18.0,18.0,0.5968459722748236,0.167664236675746
legacy_reused_holdout,1,bestCI,1,1,0.0,heterogeneity,dynasurv,3,438,12.0,12.0,0.6868887252611895,0.1451804875612469
legacy_reused_holdout,1,bestCI,1,1,0.0,heterogeneity,oracle,3,438,12.0,12.0,0.7002531798357192,0.140527208275122
legacy_reused_holdout,1,bestCI,1,1,0.0,heterogeneity,naive_km,3,438,12.0,12.0,0.5628308638585199,0.1783264214692891
legacy_reused_holdout,1,bestCI,1,1,0.0,heterogeneity,dynasurv,4,198,12.0,12.0,0.6769042133335047,0.1178672876215208
legacy_reused_holdout,1,bestCI,1,1,0.0,heterogeneity,oracle,4,198,12.0,12.0,0.7420431412812218,0.1054245219703655
legacy_reused_holdout,1,bestCI,1,1,0.0,heterogeneity,naive_km,4,198,12.0,12.0,0.5182222341487001,0.1591187695562456
legacy_reused_holdout,1,bestCI,2,2,0.0,heterogeneity,dynasurv,1,1977,24.0,24.0,0.6694686026173747,0.1754902953073451
legacy_reused_holdout,1,bestCI,2,2,0.0,heterogeneity,oracle,1,1977,24.0,24.0,0.7101957604360422,0.1443407776312804
legacy_reused_holdout,1,bestCI,2,2,0.0,heterogeneity,naive_km,1,1977,24.0,24.0,0.5945000750950034,0.1758596858077056
legacy_reused_holdout,1,bestCI,2,2,0.0,heterogeneity,dynasurv,2,840,18.0,18.0,0.6930062960307737,0.1436584779540792
legacy_reused_holdout,1,bestCI,2,2,0.0,heterogeneity,oracle,2,840,18.0,18.0,0.7277769767102596,0.1264880936486496
legacy_reused_holdout,1,bestCI,2,2,0.0,heterogeneity,naive_km,2,840,18.0,18.0,0.6333235024862286,0.1582044291950451
legacy_reused_holdout,1,bestCI,2,2,0.0,heterogeneity,dynasurv,3,438,12.0,12.0,0.6886318685610422,0.1456676733069234
legacy_reused_holdout,1,bestCI,2,2,0.0,heterogeneity,oracle,3,438,12.0,12.0,0.7390079987211269,0.1283030896994623
legacy_reused_holdout,1,bestCI,2,2,0.0,heterogeneity,naive_km,3,438,12.0,12.0,0.5941777432635312,0.1692634525772912
legacy_reused_holdout,1,bestCI,2,2,0.0,heterogeneity,dynasurv,4,198,12.0,12.0,0.6783409786556656,0.121298873417836
legacy_reused_holdout,1,bestCI,2,2,0.0,heterogeneity,oracle,4,198,12.0,12.0,0.7128471900050006,0.11149164459679
legacy_reused_holdout,1,bestCI,2,2,0.0,heterogeneity,naive_km,4,198,12.0,12.0,0.5072435433306662,0.1605080164526652
legacy_reused_holdout,1,bestCI,0,0,0.5,heterogeneity,dynasurv,1,1977,24.0,24.0,0.658303249561977,0.1770450022855189
legacy_reused_holdout,1,bestCI,0,0,0.5,heterogeneity,oracle,1,1977,24.0,24.0,0.7194827200206306,0.1386761554684245
legacy_reused_holdout,1,bestCI,0,0,0.5,heterogeneity,naive_km,1,1977,24.0,24.0,0.5466674568662621,0.1713558306599224
legacy_reused_holdout,1,bestCI,0,0,0.5,heterogeneity,dynasurv,2,840,18.0,18.0,0.6524479190466563,0.1756914829826776
legacy_reused_holdout,1,bestCI,0,0,0.5,heterogeneity,oracle,2,840,18.0,18.0,0.6991375646630157,0.1417048975111261
legacy_reused_holdout,1,bestCI,0,0,0.5,heterogeneity,naive_km,2,840,18.0,18.0,0.594186973398875,0.1773040568999824
legacy_reused_holdout,1,bestCI,0,0,0.5,heterogeneity,dynasurv,3,438,12.0,12.0,0.6614754060444461,0.150225048286082
legacy_reused_holdout,1,bestCI,0,0,0.5,heterogeneity,oracle,3,438,12.0,12.0,0.7086303923868581,0.1320405190193218
legacy_reused_holdout,1,bestCI,0,0,0.5,heterogeneity,naive_km,3,438,12.0,12.0,0.564342386292463,0.1729675384249279
legacy_reused_holdout,1,bestCI,0,0,0.5,heterogeneity,dynasurv,4,198,12.0,12.0,0.6780751789851386,0.1164760760293537
legacy_reused_holdout,1,bestCI,0,0,0.5,heterogeneity,oracle,4,198,12.0,12.0,0.74446536452974,0.1017862708969978
legacy_reused_holdout,1,bestCI,0,0,0.5,heterogeneity,naive_km,4,198,12.0,12.0,0.4823617783310218,0.1495545172745033
legacy_reused_holdout,1,bestCI,1,1,0.5,heterogeneity,dynasurv,1,1977,24.0,24.0,0.6726197609795864,0.1563802245970368
legacy_reused_holdout,1,bestCI,1,1,0.5,heterogeneity,oracle,1,1977,24.0,24.0,0.7175930626756208,0.1373057373726526
legacy_reused_holdout,1,bestCI,1,1,0.5,heterogeneity,naive_km,1,1977,24.0,24.0,0.5715427419661775,0.1656685839257785
legacy_reused_holdout,1,bestCI,1,1,0.5,heterogeneity,dynasurv,2,840,18.0,18.0,0.6577148658748814,0.1560292083009065
legacy_reused_holdout,1,bestCI,1,1,0.5,heterogeneity,oracle,2,840,18.0,18.0,0.6985264527248098,0.1300535667878372
legacy_reused_holdout,1,bestCI,1,1,0.5,heterogeneity,naive_km,2,840,18.0,18.0,0.5891167976711118,0.1682275227121395
legacy_reused_holdout,1,bestCI,1,1,0.5,heterogeneity,dynasurv,3,438,12.0,12.0,0.6708404756158848,0.1523521220574641
legacy_reused_holdout,1,bestCI,1,1,0.5,heterogeneity,oracle,3,438,12.0,12.0,0.6853541293860727,0.147622925253233
legacy_reused_holdout,1,bestCI,1,1,0.5,heterogeneity,naive_km,3,438,12.0,12.0,0.5629988866707278,0.17952933785336
legacy_reused_holdout,1,bestCI,1,1,0.5,heterogeneity,dynasurv,4,198,12.0,12.0,0.6846385817560361,0.1166600538842773
legacy_reused_holdout,1,bestCI,1,1,0.5,heterogeneity,oracle,4,198,12.0,12.0,0.735400094986396,0.1098956417892511
legacy_reused_holdout,1,bestCI,1,1,0.5,heterogeneity,naive_km,4,198,12.0,12.0,0.5134793036189464,0.1599935680795453
legacy_reused_holdout,1,bestCI,2,2,0.5,heterogeneity,dynasurv,1,1977,24.0,24.0,0.675684945900422,0.1706101446612764
legacy_reused_holdout,1,bestCI,2,2,0.5,heterogeneity,oracle,1,1977,24.0,24.0,0.7215170348335721,0.1389231628766407
legacy_reused_holdout,1,bestCI,2,2,0.5,heterogeneity,naive_km,1,1977,24.0,24.0,0.5893862210689065,0.1735285241171102
legacy_reused_holdout,1,bestCI,2,2,0.5,heterogeneity,dynasurv,2,840,18.0,18.0,0.6973289894600608,0.142051319835342
legacy_reused_holdout,1,bestCI,2,2,0.5,heterogeneity,oracle,2,840,18.0,18.0,0.7304123901886832,0.1239267243555307
legacy_reused_holdout,1,bestCI,2,2,0.5,heterogeneity,naive_km,2,840,18.0,18.0,0.6284503236340094,0.1583415413017921
legacy_reused_holdout,1,bestCI,2,2,0.5,heterogeneity,dynasurv,3,438,12.0,12.0,0.6730732235828861,0.1490720823117188
legacy_reused_holdout,1,bestCI,2,2,0.5,heterogeneity,oracle,3,438,12.0,12.0,0.7289520201733788,0.1341846524602079
legacy_reused_holdout,1,bestCI,2,2,0.5,heterogeneity,naive_km,3,438,12.0,12.0,0.5971457108175287,0.1722174395496776
legacy_reused_holdout,1,bestCI,2,2,0.5,heterogeneity,dynasurv,4,198,12.0,12.0,0.6942194989077689,0.1226477979608837
legacy_reused_holdout,1,bestCI,2,2,0.5,heterogeneity,oracle,4,198,12.0,12.0,0.7156731570061307,0.1131849132282559
legacy_reused_holdout,1,bestCI,2,2,0.5,heterogeneity,naive_km,4,198,12.0,12.0,0.5098432619654856,0.163072648333072
legacy_reused_holdout,1,bestCI,0,0,2.0,heterogeneity,dynasurv,1,1977,24.0,24.0,0.7167065958526218,0.1674956266806753
legacy_reused_holdout,1,bestCI,0,0,2.0,heterogeneity,oracle,1,1977,24.0,24.0,0.7616077561730198,0.1266783601849151
legacy_reused_holdout,1,bestCI,0,0,2.0,heterogeneity,naive_km,1,1977,24.0,24.0,0.5327253669663844,0.1771245810390143
legacy_reused_holdout,1,bestCI,0,0,2.0,heterogeneity,dynasurv,2,840,18.0,18.0,0.6658197408610583,0.1600748517578558
legacy_reused_holdout,1,bestCI,0,0,2.0,heterogeneity,oracle,2,840,18.0,18.0,0.726464412088716,0.1285359626839591
legacy_reused_holdout,1,bestCI,0,0,2.0,heterogeneity,naive_km,2,840,18.0,18.0,0.5719408587937023,0.1784821165044814
legacy_reused_holdout,1,bestCI,0,0,2.0,heterogeneity,dynasurv,3,438,12.0,12.0,0.6500168535666518,0.1544904561601394
legacy_reused_holdout,1,bestCI,0,0,2.0,heterogeneity,oracle,3,438,12.0,12.0,0.703443371852354,0.1402018277435271
legacy_reused_holdout,1,bestCI,0,0,2.0,heterogeneity,naive_km,3,438,12.0,12.0,0.5716816346699231,0.1720473398023133
legacy_reused_holdout,1,bestCI,0,0,2.0,heterogeneity,dynasurv,4,198,12.0,12.0,0.6819085174288808,0.1139510380692528
legacy_reused_holdout,1,bestCI,0,0,2.0,heterogeneity,oracle,4,198,12.0,12.0,0.7537270546981435,0.1053053608627916
legacy_reused_holdout,1,bestCI,0,0,2.0,heterogeneity,naive_km,4,198,12.0,12.0,0.5519173197877711,0.1491855828104277
legacy_reused_holdout,1,bestCI,1,1,2.0,heterogeneity,dynasurv,1,1977,24.0,24.0,0.7144187975152358,0.1493700195751434
legacy_reused_holdout,1,bestCI,1,1,2.0,heterogeneity,oracle,1,1977,24.0,24.0,0.761141402060896,0.126970980494377
legacy_reused_holdout,1,bestCI,1,1,2.0,heterogeneity,naive_km,1,1977,24.0,24.0,0.5524929925624243,0.172881298018681
legacy_reused_holdout,1,bestCI,1,1,2.0,heterogeneity,dynasurv,2,840,18.0,18.0,0.6670264326035711,0.1485207672712764
legacy_reused_holdout,1,bestCI,1,1,2.0,heterogeneity,oracle,2,840,18.0,18.0,0.7198794489212865,0.1202121861373731
legacy_reused_holdout,1,bestCI,1,1,2.0,heterogeneity,naive_km,2,840,18.0,18.0,0.5693085626144934,0.1731020461906874
legacy_reused_holdout,1,bestCI,1,1,2.0,heterogeneity,dynasurv,3,438,12.0,12.0,0.6673920144965553,0.1465765416892298
legacy_reused_holdout,1,bestCI,1,1,2.0,heterogeneity,oracle,3,438,12.0,12.0,0.6955661504095921,0.138263545444729
legacy_reused_holdout,1,bestCI,1,1,2.0,heterogeneity,naive_km,3,438,12.0,12.0,0.5830334020630068,0.1665869540910002
legacy_reused_holdout,1,bestCI,1,1,2.0,heterogeneity,dynasurv,4,198,12.0,12.0,0.6568675974329797,0.1196513669819358
legacy_reused_holdout,1,bestCI,1,1,2.0,heterogeneity,oracle,4,198,12.0,12.0,0.7246185838286917,0.1137255326114114
legacy_reused_holdout,1,bestCI,1,1,2.0,heterogeneity,naive_km,4,198,12.0,12.0,0.5336396989578807,0.1611085965462853
legacy_reused_holdout,1,bestCI,2,2,2.0,heterogeneity,dynasurv,1,1977,24.0,24.0,0.7124041287808576,0.1676741907167785
legacy_reused_holdout,1,bestCI,2,2,2.0,heterogeneity,oracle,1,1977,24.0,24.0,0.7535213583906831,0.1307717070852943
legacy_reused_holdout,1,bestCI,2,2,2.0,heterogeneity,naive_km,1,1977,24.0,24.0,0.5718318497899381,0.1811067407605681
legacy_reused_holdout,1,bestCI,2,2,2.0,heterogeneity,dynasurv,2,840,18.0,18.0,0.6984448107481646,0.1348283314310401
legacy_reused_holdout,1,bestCI,2,2,2.0,heterogeneity,oracle,2,840,18.0,18.0,0.7440366981610946,0.1165960868039086
legacy_reused_holdout,1,bestCI,2,2,2.0,heterogeneity,naive_km,2,840,18.0,18.0,0.6049088860591768,0.1620126443924997
legacy_reused_holdout,1,bestCI,2,2,2.0,heterogeneity,dynasurv,3,438,12.0,12.0,0.6510506823787716,0.1566965180446764
legacy_reused_holdout,1,bestCI,2,2,2.0,heterogeneity,oracle,3,438,12.0,12.0,0.726478419369832,0.1478126183530284
legacy_reused_holdout,1,bestCI,2,2,2.0,heterogeneity,naive_km,3,438,12.0,12.0,0.5831352064449776,0.180105361615649
legacy_reused_holdout,1,bestCI,2,2,2.0,heterogeneity,dynasurv,4,198,12.0,12.0,0.699967277144592,0.1307333510775949
legacy_reused_holdout,1,bestCI,2,2,2.0,heterogeneity,oracle,4,198,12.0,12.0,0.7284407600130858,0.1129424908887634
legacy_reused_holdout,1,bestCI,2,2,2.0,heterogeneity,naive_km,4,198,12.0,12.0,0.523184750738437,0.1632100157365596
legacy_reused_holdout,1,bestCI,0,0,0.5,strength,dynasurv,1,1977,24.0,24.0,0.6837916570549445,0.1628301352391759
legacy_reused_holdout,1,bestCI,0,0,0.5,strength,oracle,1,1977,24.0,24.0,0.7287641610528272,0.1350279051949559
legacy_reused_holdout,1,bestCI,0,0,0.5,strength,naive_km,1,1977,24.0,24.0,0.5616240992114688,0.1708305705640979
legacy_reused_holdout,1,bestCI,0,0,0.5,strength,dynasurv,2,840,18.0,18.0,0.656216455459214,0.1666203692606795
legacy_reused_holdout,1,bestCI,0,0,0.5,strength,oracle,2,840,18.0,18.0,0.6991855565471249,0.138600957406952
legacy_reused_holdout,1,bestCI,0,0,0.5,strength,naive_km,2,840,18.0,18.0,0.5984981378481052,0.1743324336624731
legacy_reused_holdout,1,bestCI,0,0,0.5,strength,dynasurv,3,438,12.0,12.0,0.6619160246887025,0.1427502776658664
legacy_reused_holdout,1,bestCI,0,0,0.5,strength,oracle,3,438,12.0,12.0,0.6977705120216743,0.1360348361423163
legacy_reused_holdout,1,bestCI,0,0,0.5,strength,naive_km,3,438,12.0,12.0,0.5800378587416732,0.1662564060473547
legacy_reused_holdout,1,bestCI,0,0,0.5,strength,dynasurv,4,198,12.0,12.0,0.6827794210972318,0.1089959264986148
legacy_reused_holdout,1,bestCI,0,0,0.5,strength,oracle,4,198,12.0,12.0,0.7534777263422535,0.1009390788804254
legacy_reused_holdout,1,bestCI,0,0,0.5,strength,naive_km,4,198,12.0,12.0,0.5384718417764531,0.1465830711326274
legacy_reused_holdout,1,bestCI,1,1,0.5,strength,dynasurv,1,1977,24.0,24.0,0.693908249071804,0.1613288244623822
legacy_reused_holdout,1,bestCI,1,1,0.5,strength,oracle,1,1977,24.0,24.0,0.7276455073301513,0.1376587541974323
legacy_reused_holdout,1,bestCI,1,1,0.5,strength,naive_km,1,1977,24.0,24.0,0.5883619083418352,0.1681892542109815
legacy_reused_holdout,1,bestCI,1,1,0.5,strength,dynasurv,2,840,18.0,18.0,0.6690624026431293,0.1475852023877427
legacy_reused_holdout,1,bestCI,1,1,0.5,strength,oracle,2,840,18.0,18.0,0.7052665373051392,0.1263690183150557
legacy_reused_holdout,1,bestCI,1,1,0.5,strength,naive_km,2,840,18.0,18.0,0.5939310548571147,0.1683170131566737
legacy_reused_holdout,1,bestCI,1,1,0.5,strength,dynasurv,3,438,12.0,12.0,0.6391777956323019,0.1641389527468084
legacy_reused_holdout,1,bestCI,1,1,0.5,strength,oracle,3,438,12.0,12.0,0.6889669016934457,0.145520289043186
legacy_reused_holdout,1,bestCI,1,1,0.5,strength,naive_km,3,438,12.0,12.0,0.5864260209336376,0.175101433546854
legacy_reused_holdout,1,bestCI,1,1,0.5,strength,dynasurv,4,198,12.0,12.0,0.6617329146324937,0.1183033566919234
legacy_reused_holdout,1,bestCI,1,1,0.5,strength,oracle,4,198,12.0,12.0,0.7197998705415452,0.1148853379807208
legacy_reused_holdout,1,bestCI,1,1,0.5,strength,naive_km,4,198,12.0,12.0,0.5256502364011275,0.160087164308564
legacy_reused_holdout,1,bestCI,2,2,0.5,strength,dynasurv,1,1977,24.0,24.0,0.6942448209506682,0.1676735438351217
legacy_reused_holdout,1,bestCI,2,2,0.5,strength,oracle,1,1977,24.0,24.0,0.7280018593378131,0.1375173016298621
legacy_reused_holdout,1,bestCI,2,2,0.5,strength,naive_km,1,1977,24.0,24.0,0.5984629564939253,0.172916922543573
legacy_reused_holdout,1,bestCI,2,2,0.5,strength,dynasurv,2,840,18.0,18.0,0.6999373346761233,0.1454073199755247
legacy_reused_holdout,1,bestCI,2,2,0.5,strength,oracle,2,840,18.0,18.0,0.7305103152951243,0.1239200258206641
legacy_reused_holdout,1,bestCI,2,2,0.5,strength,naive_km,2,840,18.0,18.0,0.6426946580008732,0.1563957948767899
legacy_reused_holdout,1,bestCI,2,2,0.5,strength,dynasurv,3,438,12.0,12.0,0.652411883423138,0.1600454477449701
legacy_reused_holdout,1,bestCI,2,2,0.5,strength,oracle,3,438,12.0,12.0,0.7255707781407719,0.1372643893276799
legacy_reused_holdout,1,bestCI,2,2,0.5,strength,naive_km,3,438,12.0,12.0,0.5935048803789588,0.1729813616208154
legacy_reused_holdout,1,bestCI,2,2,0.5,strength,dynasurv,4,198,12.0,12.0,0.6629523533994804,0.1307183362133344
legacy_reused_holdout,1,bestCI,2,2,0.5,strength,oracle,4,198,12.0,12.0,0.7194539111995129,0.1145613880121983
legacy_reused_holdout,1,bestCI,2,2,0.5,strength,naive_km,4,198,12.0,12.0,0.517789594374165,0.1611523885701824
legacy_reused_holdout,1,bestCI,0,0,1.0,strength,dynasurv,1,1977,24.0,24.0,0.680652917056064,0.175658349866612
legacy_reused_holdout,1,bestCI,0,0,1.0,strength,oracle,1,1977,24.0,24.0,0.7274829236807805,0.1348094713971803
legacy_reused_holdout,1,bestCI,0,0,1.0,strength,naive_km,1,1977,24.0,24.0,0.5842432508384049,0.1677983650783076
legacy_reused_holdout,1,bestCI,0,0,1.0,strength,dynasurv,2,840,18.0,18.0,0.6542580083193924,0.1739830809530102
legacy_reused_holdout,1,bestCI,0,0,1.0,strength,oracle,2,840,18.0,18.0,0.6963912272707458,0.1375076997446968
legacy_reused_holdout,1,bestCI,0,0,1.0,strength,naive_km,2,840,18.0,18.0,0.5978537398184056,0.1714645414974651
legacy_reused_holdout,1,bestCI,0,0,1.0,strength,dynasurv,3,438,12.0,12.0,0.6718264703509528,0.1453233464325205
legacy_reused_holdout,1,bestCI,0,0,1.0,strength,oracle,3,438,12.0,12.0,0.696877876782451,0.1348124562695214
legacy_reused_holdout,1,bestCI,0,0,1.0,strength,naive_km,3,438,12.0,12.0,0.5881223602892961,0.1624250123895352
legacy_reused_holdout,1,bestCI,0,0,1.0,strength,dynasurv,4,198,12.0,12.0,0.707441544359801,0.1116018564975408
legacy_reused_holdout,1,bestCI,0,0,1.0,strength,oracle,4,198,12.0,12.0,0.7553569341494208,0.1012584935733919
legacy_reused_holdout,1,bestCI,0,0,1.0,strength,naive_km,4,198,12.0,12.0,0.5483158330789292,0.1441487290434109
legacy_reused_holdout,1,bestCI,1,1,1.0,strength,dynasurv,1,1977,24.0,24.0,0.6960733281506426,0.161315601857478
legacy_reused_holdout,1,bestCI,1,1,1.0,strength,oracle,1,1977,24.0,24.0,0.7294846309105668,0.1368245891044959
legacy_reused_holdout,1,bestCI,1,1,1.0,strength,naive_km,1,1977,24.0,24.0,0.5928722253175224,0.1668118812153778
legacy_reused_holdout,1,bestCI,1,1,1.0,strength,dynasurv,2,840,18.0,18.0,0.667565893074234,0.1538820638510394
legacy_reused_holdout,1,bestCI,1,1,1.0,strength,oracle,2,840,18.0,18.0,0.7080089295875261,0.1253257041554174
legacy_reused_holdout,1,bestCI,1,1,1.0,strength,naive_km,2,840,18.0,18.0,0.6028828124427195,0.1659613663623318
legacy_reused_holdout,1,bestCI,1,1,1.0,strength,dynasurv,3,438,12.0,12.0,0.6430341701316554,0.1662687110873559
legacy_reused_holdout,1,bestCI,1,1,1.0,strength,oracle,3,438,12.0,12.0,0.6881411612724253,0.1475302919012485
legacy_reused_holdout,1,bestCI,1,1,1.0,strength,naive_km,3,438,12.0,12.0,0.5750354984397259,0.1785380205041848
legacy_reused_holdout,1,bestCI,1,1,1.0,strength,dynasurv,4,198,12.0,12.0,0.6659976354384863,0.1209500984002274
legacy_reused_holdout,1,bestCI,1,1,1.0,strength,oracle,4,198,12.0,12.0,0.7143616048941956,0.1175095998376163
legacy_reused_holdout,1,bestCI,1,1,1.0,strength,naive_km,4,198,12.0,12.0,0.5018057826466077,0.1556767341726399
legacy_reused_holdout,1,bestCI,2,2,1.0,strength,dynasurv,1,1977,24.0,24.0,0.6882573586963115,0.1676091376387467
legacy_reused_holdout,1,bestCI,2,2,1.0,strength,oracle,1,1977,24.0,24.0,0.7262467294942127,0.1395131137055505
legacy_reused_holdout,1,bestCI,2,2,1.0,strength,naive_km,1,1977,24.0,24.0,0.6094171458370177,0.1718824473860988
legacy_reused_holdout,1,bestCI,2,2,1.0,strength,dynasurv,2,840,18.0,18.0,0.7078621405565706,0.1357646378069364
legacy_reused_holdout,1,bestCI,2,2,1.0,strength,oracle,2,840,18.0,18.0,0.7308800819661367,0.1226992280797335
legacy_reused_holdout,1,bestCI,2,2,1.0,strength,naive_km,2,840,18.0,18.0,0.6551276405669592,0.1505947148798518
legacy_reused_holdout,1,bestCI,2,2,1.0,strength,dynasurv,3,438,12.0,12.0,0.6718917893771335,0.1532122780763066
legacy_reused_holdout,1,bestCI,2,2,1.0,strength,oracle,3,438,12.0,12.0,0.7243987622062157,0.1368903783484143
legacy_reused_holdout,1,bestCI,2,2,1.0,strength,naive_km,3,438,12.0,12.0,0.5993472009400054,0.1722560191356896
legacy_reused_holdout,1,bestCI,2,2,1.0,strength,dynasurv,4,198,12.0,12.0,0.6896942137511684,0.1217925053501648
legacy_reused_holdout,1,bestCI,2,2,1.0,strength,oracle,4,198,12.0,12.0,0.7137667096545712,0.115074265747902
legacy_reused_holdout,1,bestCI,2,2,1.0,strength,naive_km,4,198,12.0,12.0,0.5003721452942339,0.1550660228215246
